id,target_score,target_risk
1501,68.580536,0
1502,73.07027,0
1503,62.04592,1
1504,57.71159,1
1505,57.22604,1
1506,74.22573,0
1507,66.78888,0
1508,73.881935,0
1509,75.242004,0
1510,84.2159,0
1511,71.00123,0
1512,81.44275,0
1513,88.94768,0
1514,70.01768,0
1515,54.616383,1
1516,78.92481,0
1517,84.95464,0
1518,61.011898,1
1519,71.879005,0
1520,69.307236,0
1521,75.454666,0
1522,67.17345,0
1523,61.26988,1
1524,65.87785,0
1525,80.98721,0
1526,73.400986,0
1527,65.87343,1
1528,63.75655,0
1529,67.829544,0
1530,62.56942,0
1531,70.08085,0
1532,59.36712,1
1533,67.74884,0
1534,70.435005,0
1535,63.50894,1
1536,66.55008,0
1537,77.82248,0
1538,79.318405,0
1539,74.74138,0
1540,64.255775,1
1541,55.871574,1
1542,51.198647,1
1543,71.25865,0
1544,75.65355,0
1545,68.63993,0
1546,60.37127,0
1547,62.684498,0
1548,65.26624,1
1549,72.12866,0
1550,67.54379,0
1551,71.93621,0
1552,74.62132,0
1553,65.535576,0
1554,48.948074,1
1555,70.70605,0
1556,71.38611,0
1557,66.258644,0
1558,73.875755,0
1559,67.63889,0
1560,67.673904,0
1561,53.925873,1
1562,65.49054,0
1563,82.96554,0
1564,73.179825,0
1565,66.21939,0
1566,69.589775,0
1567,78.749954,0
1568,82.494965,0
1569,69.63516,0
1570,62.86689,1
1571,77.26072,0
1572,56.438194,1
1573,62.97011,0
1574,58.877594,1
1575,72.11525,0
1576,71.28023,0
1577,79.3771,0
1578,69.54224,0
1579,53.718872,1
1580,58.650482,1
1581,60.982655,1
1582,82.2087,0
1583,71.94783,0
1584,70.3518,0
1585,76.368004,0
1586,63.593376,0
1587,67.38205,0
1588,46.53161,1
1589,59.91774,1
1590,72.91664,0
1591,78.27986,0
1592,82.80221,0
1593,64.82874,1
1594,54.467056,1
1595,75.79355,0
1596,77.79002,0
1597,64.143875,1
1598,60.674885,1
1599,78.53731,0
1600,71.62886,0
1601,76.84526,0
1602,68.09172,0
1603,77.20684,0
1604,71.211426,0
1605,67.35283,0
1606,48.261673,1
1607,80.82508,0
1608,65.982956,0
1609,82.54631,0
1610,66.33872,0
1611,79.06641,0
1612,49.6336,1
1613,73.67317,0
1614,56.018494,1
1615,69.221436,0
1616,81.72859,0
1617,58.230515,1
1618,66.914825,0
1619,69.21883,0
1620,83.661224,0
1621,66.513596,0
1622,58.678432,0
1623,69.15651,0
1624,70.42108,0
1625,84.73245,0
1626,63.957504,0
1627,68.406204,0
1628,76.40478,0
1629,50.976517,1
1630,56.19692,1
1631,59.408028,0
1632,71.54614,0
1633,59.275204,1
1634,74.60205,0
1635,65.159485,0
1636,74.59149,0
1637,51.373764,1
1638,57.02485,1
1639,64.29091,0
1640,66.54859,0
1641,67.44705,0
1642,69.27394,0
1643,79.98439,0
1644,58.511433,0
1645,70.63378,0
1646,65.71711,0
1647,79.844406,0
1648,47.03305,1
1649,79.85363,0
1650,62.15899,1
1651,70.09533,0
1652,79.11276,0
1653,76.4893,0
1654,65.50719,0
1655,69.32701,0
1656,65.25987,1
1657,59.536636,1
1658,68.13911,0
1659,70.49504,0
1660,50.292183,1
1661,67.7056,0
1662,65.93506,0
1663,66.77695,0
1664,63.036873,0
1665,49.555088,1
1666,58.835068,1
1667,70.3465,0
1668,64.403015,0
1669,66.78412,0
1670,64.064125,0
1671,69.80935,0
1672,56.90207,1
1673,63.227623,0
1674,68.56827,0
1675,91.95706,0
1676,63.944145,1
1677,66.75401,0
1678,58.384365,1
1679,54.226482,1
1680,72.6006,0
1681,70.8414,0
1682,60.789963,1
1683,71.1151,0
1684,73.95034,0
1685,78.60655,0
1686,57.339516,1
1687,66.266266,0
1688,47.43589,1
1689,75.03182,0
1690,54.223015,1
1691,59.49209,1
1692,74.83681,0
1693,70.38559,0
1694,69.20296,0
1695,70.10562,0
1696,78.01479,0
1697,69.481384,0
1698,70.7065,0
1699,53.875748,0
1700,63.202606,1
1701,63.64299,1
1702,69.99802,0
1703,84.91109,0
1704,69.785904,0
1705,70.56554,0
1706,75.997345,0
1707,57.5948,1
1708,48.27491,1
1709,76.042694,0
1710,74.39022,0
1711,61.161434,1
1712,66.57477,0
1713,62.141796,1
1714,67.64776,0
1715,63.107727,1
1716,79.68057,0
1717,62.94709,0
1718,72.79607,0
1719,75.64123,0
1720,46.362034,1
1721,59.569046,1
1722,67.89885,0
1723,54.898834,1
1724,76.46666,0
1725,75.8241,0
1726,61.568542,1
1727,67.53369,0
1728,69.342896,0
1729,64.12715,0
1730,65.68762,0
1731,84.66241,0
1732,68.54444,0
1733,52.679337,1
1734,82.27849,0
1735,50.855324,1
1736,78.321335,0
1737,75.68033,0
1738,78.53875,0
1739,60.88609,0
1740,62.70883,0
1741,70.07223,0
1742,87.44847,0
1743,77.39482,0
1744,80.08658,0
1745,53.790756,1
1746,49.60549,1
1747,61.011047,0
1748,60.592857,1
1749,52.066605,1
1750,78.32328,0
1751,63.387104,1
1752,65.77286,0
1753,62.862404,0
1754,65.233765,1
1755,74.77095,0
1756,66.75934,0
1757,65.933075,0
1758,71.51891,0
1759,85.32959,0
1760,50.68593,1
1761,72.030754,0
1762,76.09354,0
1763,70.26648,0
1764,65.91203,0
1765,69.01944,0
1766,59.811417,1
1767,68.727646,0
1768,55.499878,1
1769,63.374077,0
1770,64.66052,1
1771,70.06632,0
1772,70.84375,0
1773,80.727356,0
1774,59.84559,0
1775,62.228764,0
1776,70.119995,0
1777,67.32799,1
1778,65.02089,0
1779,57.46315,1
1780,53.095753,1
1781,77.81484,0
1782,65.3537,0
1783,60.92687,1
1784,55.682587,1
1785,53.756912,1
1786,81.48482,0
1787,67.843124,0
1788,67.66264,0
1789,57.119495,0
1790,71.280716,0
1791,68.59295,0
1792,66.92935,0
1793,85.01718,0
1794,63.784412,0
1795,59.65992,1
1796,42.711094,1
1797,72.55986,0
1798,66.13803,0
1799,67.36641,0
1800,77.01082,0
1801,54.67951,1
1802,76.847626,0
1803,65.62707,0
1804,54.938614,1
1805,68.90389,0
1806,70.868324,0
1807,86.63522,0
1808,70.859375,0
1809,67.784515,0
1810,53.083923,1
1811,50.797913,1
1812,52.066826,1
1813,51.671608,1
1814,64.68558,0
1815,58.48661,1
1816,76.072296,0
1817,63.04664,0
1818,70.98884,0
1819,71.905235,0
1820,81.21136,0
1821,53.275883,1
1822,79.07968,0
1823,81.50493,0
1824,63.2223,1
1825,81.24615,0
1826,60.582397,1
1827,78.91268,0
1828,79.51697,0
1829,63.165802,0
1830,72.200165,0
1831,66.31861,0
1832,76.10019,0
1833,62.71202,0
1834,74.03348,0
1835,61.361507,1
1836,75.02547,0
1837,63.46456,1
1838,68.74197,0
1839,50.909153,1
1840,59.79059,1
1841,81.96268,0
1842,76.94977,0
1843,65.818214,0
1844,63.756073,0
1845,70.26817,0
1846,75.17571,0
1847,76.99345,0
1848,64.36014,0
1849,60.95669,0
1850,52.305603,1
1851,75.98997,0
1852,60.25813,1
1853,82.50719,0
1854,64.96417,1
1855,75.74553,0
1856,66.94548,0
1857,82.07709,0
1858,52.83926,1
1859,69.130905,1
1860,64.93368,0
1861,70.84132,0
1862,75.20103,0
1863,68.79851,0
1864,76.92821,0
1865,66.966545,0
1866,69.01831,0
1867,73.96125,0
1868,52.68923,1
1869,82.730255,0
1870,65.29058,0
1871,53.254723,1
1872,64.93034,0
1873,64.39103,1
1874,55.992474,1
1875,77.30674,0
1876,72.501724,0
1877,69.17314,0
1878,68.615776,0
1879,73.57823,0
1880,69.255356,0
1881,58.19814,1
1882,63.950535,1
1883,52.03533,1
1884,59.39463,1
1885,68.75008,0
1886,62.487846,1
1887,75.791794,0
1888,52.87651,1
1889,61.306725,1
1890,71.63817,0
1891,61.44773,1
1892,66.03637,0
1893,57.45344,1
1894,73.1724,0
1895,62.331482,0
1896,87.32753,0
1897,70.8825,0
1898,66.06386,0
1899,62.08637,0
1900,72.94423,0
1901,65.39942,0
1902,66.63016,1
1903,65.255035,0
1904,78.62108,0
1905,68.68541,0
1906,63.077236,1
1907,61.41062,1
1908,67.65762,0
1909,68.413506,0
1910,75.191154,0
1911,74.16542,0
1912,58.84249,1
1913,69.13194,0
1914,67.559,0
1915,84.5529,0
1916,79.82817,0
1917,72.2896,0
1918,67.223465,1
1919,72.47515,0
1920,54.209824,1
1921,74.52769,0
1922,55.118927,1
1923,76.442444,0
1924,67.73004,0
1925,71.73288,0
1926,68.817566,0
1927,67.93926,0
1928,59.6669,1
1929,61.46837,1
1930,65.51174,0
1931,57.325718,1
1932,61.10696,1
1933,58.57787,1
1934,65.36223,0
1935,71.64125,0
1936,68.0463,0
1937,88.362274,0
1938,69.91107,0
1939,61.594025,0
1940,56.711887,1
1941,70.00366,0
1942,60.33429,0
1943,69.65715,0
1944,68.235435,0
1945,64.07336,0
1946,67.74528,0
1947,65.710434,0
1948,59.40479,1
1949,73.27455,0
1950,62.13566,1
1951,71.327095,0
1952,67.25395,0
1953,75.71362,0
1954,51.99111,1
1955,63.724575,0
1956,53.86396,1
1957,79.02855,0
1958,50.00023,1
1959,68.95511,0
1960,67.93283,0
1961,66.14052,0
1962,57.857254,1
1963,77.11887,0
1964,75.17886,0
1965,65.71823,0
1966,66.499214,0
1967,74.662834,0
1968,81.63902,0
1969,70.93875,0
1970,68.03812,0
1971,72.49899,0
1972,60.22099,1
1973,91.935776,0
1974,75.97378,0
1975,59.688232,1
1976,60.2861,0
1977,73.34742,0
1978,61.937157,1
1979,73.409744,0
1980,71.66347,0
1981,73.02559,0
1982,55.86119,1
1983,70.22903,0
1984,56.98811,1
1985,62.62786,0
1986,68.99617,0
1987,65.91028,0
1988,64.60888,0
1989,76.86664,0
1990,61.143272,1
1991,57.887344,1
1992,65.52504,0
1993,63.11846,1
1994,74.95619,0
1995,69.79736,0
1996,59.505768,0
1997,57.570564,1
1998,68.74821,0
1999,66.585526,0
2000,71.14543,0
